close,high,ignore,low,open,close_time,number_of_trades,open_time,quote_asset_volume,taker_buy_base_asset_volume,taker_buy_quote_asset_volume,volume
42944.54000000,42952.60000000,0,42944.54000000,42952.59000000,1707039779999,847,1707039720000,445685.11740870,3.53234000,151703.44971180,10.37729000,
42932.30000000,42944.55000000,0,42932.29000000,42944.54000000,1707039839999,944,1707039780000,492588.60827350,5.60731000,240778.45720870,11.47167000,
42922.54000000,42932.30000000,0,42912.16000000,42932.30000000,1707039899999,769,1707039840000,636502.26652250,4.50527000,193356.44045610,14.82962000,
42943.75000000,42943.76000000,0,42922.54000000,42922.54000000,1707039959999,374,1707039900000,276983.84409330,4.92303000,211350.41341420,6.45182000,
42944.33000000,42944.34000000,0,42943.75000000,42943.76000000,1707040019999,220,1707039960000,227118.92612420,3.34397000,143603.07883400,5.28872000,
42951.61000000,42951.62000000,0,42944.33000000,42944.34000000,1707040079999,310,1707040020000,362289.02934180,5.65682000,242944.86399210,8.43585000,
42954.42000000,42964.54000000,0,42951.61000000,42951.62000000,1707040139999,551,1707040080000,502713.24300670,2.76007000,118572.51981260,11.70129000,
42951.10000000,42954.43000000,0,42951.10000000,42954.43000000,1707040199999,409,1707040140000,149501.20218080,0.43704000,18771.53135240,3.48064000,
42962.88000000,42962.88000000,0,42940.67000000,42951.11000000,1707040259999,614,1707040200000,736038.23404460,13.11799000,563485.63081800,17.13554000,
42970.06000000,42970.07000000,0,42962.87000000,42962.87000000,1707040319999,337,1707040260000,394456.52010240,7.68008000,329984.02091500,9.18050000,
42962.59000000,42970.07000000,0,42962.58000000,42970.07000000,1707040379999,375,1707040320000,331814.03092680,0.27631000,11872.23797870,7.72238000,
42976.20000000,42983.00000000,0,42960.50000000,42962.58000000,1707040439999,863,1707040380000,1579589.03563780,30.91387000,1328442.86212280,36.75776000,
42957.32000000,42978.44000000,0,42957.32000000,42976.19000000,1707040499999,1583,1707040440000,922053.93528910,6.82194000,293145.90768140,21.45757000,
42957.33000000,42957.33000000,0,42957.32000000,42957.33000000,1707040559999,213,1707040500000,55440.72200900,0.48170000,20692.54586100,1.29060000,
42950.01000000,42957.33000000,0,42950.00000000,42957.33000000,1707040619999,678,1707040560000,421256.06225570,1.38529000,59501.88285410,9.80700000,
42958.35000000,42958.36000000,0,42950.00000000,42950.00000000,1707040679999,608,1707040620000,388230.96914870,7.14811000,307031.90980370,9.03860000,
42952.32000000,42958.36000000,0,42952.31000000,42958.36000000,1707040739999,334,1707040680000,192074.28798440,0.52377000,22500.14631800,4.47127000,
42942.73000000,42952.32000000,0,42942.72000000,42952.32000000,1707040799999,850,1707040740000,379541.47641200,0.53571000,23007.70084720,8.83698000,
42941.15000000,42942.73000000,0,42941.14000000,42942.73000000,1707040859999,565,1707040800000,298544.70650890,1.77180000,76085.67281870,6.95220000,
42944.60000000,42944.61000000,0,42941.14000000,42941.15000000,1707040919999,301,1707040860000,182649.62101750,3.25477000,139767.48860870,4.25333000,
42944.60000000,42944.61000000,0,42944.60000000,42944.61000000,1707040979999,254,1707040920000,165322.55710390,1.88219000,80829.91549590,3.84967000,
42934.24000000,42944.61000000,0,42934.23000000,42944.60000000,1707041039999,367,1707040980000,625595.60646410,9.12748000,391915.67449220,14.56953000,
42932.62000000,42934.24000000,0,42922.08000000,42934.24000000,1707041099999,455,1707041040000,334527.39211780,4.61118000,197933.04164810,7.79319000,
42921.42000000,42932.63000000,0,42921.42000000,42932.62000000,1707041159999,339,1707041100000,284344.13736490,1.08714000,46662.63856890,6.62407000,
42921.38000000,42921.43000000,0,42921.38000000,42921.42000000,1707041219999,224,1707041160000,123914.94054590,0.36211000,15542.26547210,2.88702000,
42935.98000000,42935.98000000,0,42921.38000000,42921.38000000,1707041279999,386,1707041220000,568908.45478740,12.29220000,527696.39065320,13.25210000,
42912.71000000,42935.98000000,0,42912.70000000,42935.98000000,1707041339999,611,1707041280000,692642.84305230,1.58448000,68027.16995910,16.13468000,
42907.72000000,42912.71000000,0,42907.71000000,42912.71000000,1707041399999,298,1707041340000,184463.18915020,0.46999000,20166.42046080,4.29891000,
42919.50000000,42919.51000000,0,42907.71000000,42907.71000000,1707041459999,389,1707041400000,634207.98176910,14.13534000,606604.77344270,14.77853000,
42919.99000000,42920.00000000,0,42919.50000000,42919.50000000,1707041519999,215,1707041460000,126795.67834110,2.42860000,104235.26945210,2.95424000,
42905.15000000,42920.00000000,0,42905.14000000,42920.00000000,1707041579999,465,1707041520000,570048.77108560,1.01462000,43533.77968240,13.28263000,
42905.03000000,42905.15000000,0,42905.03000000,42905.15000000,1707041639999,291,1707041580000,558024.18382150,0.52469000,22511.88239870,13.00600000,
42905.14000000,42905.15000000,0,42905.03000000,42905.04000000,1707041699999,290,1707041640000,415322.08625940,6.16697000,264594.28199770,9.68002000,
42917.99000000,42919.51000000,0,42905.14000000,42905.15000000,1707041759999,489,1707041700000,1161652.62182110,19.21006000,824298.61062590,27.07037000,
42917.45000000,42918.03000000,0,42917.45000000,42917.99000000,1707041819999,269,1707041760000,218613.12638600,2.59085000,111194.12588160,5.09374000,
42909.59000000,42917.46000000,0,42909.58000000,42917.45000000,1707041879999,261,1707041820000,207433.44595540,1.65790000,71146.98809460,4.83363000,
42905.10000000,42909.59000000,0,42905.10000000,42909.59000000,1707041939999,361,1707041880000,93764.01860430,0.29019000,12451.21255580,2.18520000,
42902.97000000,42905.11000000,0,42902.96000000,42905.11000000,1707041999999,189,1707041940000,57137.07472470,0.31124000,13353.33921660,1.33174000,
42879.01000000,42902.97000000,0,42879.00000000,42902.96000000,1707042059999,974,1707042000000,720439.88324050,1.10539000,47405.72392260,16.79647000,
42878.86000000,42882.00000000,0,42878.85000000,42879.00000000,1707042119999,308,1707042060000,269243.96254570,4.05591000,173915.77828970,6.27899000,
42878.67000000,42878.86000000,0,42878.67000000,42878.86000000,1707042179999,208,1707042120000,101608.33956170,0.67468000,28929.39089680,2.36967000,
42891.11000000,42891.11000000,0,42878.67000000,42878.67000000,1707042239999,378,1707042180000,440995.04115300,9.10593000,390512.76072900,10.28300000,
42891.10000000,42891.11000000,0,42891.10000000,42891.11000000,1707042299999,157,1707042240000,87992.82213320,1.48392000,63646.97595120,2.05154000,
42883.67000000,42891.11000000,0,42883.66000000,42891.10000000,1707042359999,276,1707042300000,387509.25213700,0.47762000,20483.70326810,9.03497000,
42889.75000000,42889.75000000,0,42883.66000000,42883.67000000,1707042419999,282,1707042360000,180932.56035220,3.68183000,157897.61077890,4.21895000,
42905.56000000,42905.56000000,0,42889.74000000,42889.74000000,1707042479999,338,1707042420000,299532.10761080,3.81462000,163643.36712700,6.98199000,
42927.18000000,42927.19000000,0,42905.55000000,42905.55000000,1707042539999,380,1707042480000,384483.05498440,7.81579000,335401.75152650,8.95949000,
42935.76000000,42935.77000000,0,42927.18000000,42927.18000000,1707042599999,366,1707042540000,381459.26186590,3.36851000,144605.71555880,8.88604000,
42943.39000000,42943.39000000,0,42935.76000000,42935.77000000,1707042659999,339,1707042600000,179405.80030100,3.17858000,136484.57713420,4.17816000,
42943.38000000,42943.39000000,0,42943.38000000,42943.39000000,1707042719999,328,1707042660000,112820.42373380,0.52316000,22466.26391240,2.62719000,
42919.43000000,42943.39000000,0,42919.42000000,42943.38000000,1707042779999,563,1707042720000,570556.97191270,1.15958000,49785.04466230,13.28956000,
42922.89000000,42922.90000000,0,42915.41000000,42919.43000000,1707042839999,355,1707042780000,297142.18266000,4.94673000,212302.48463560,6.92343000,
42922.85000000,42922.90000000,0,42922.85000000,42922.89000000,1707042899999,262,1707042840000,169186.15264340,1.07493000,46139.11170820,3.94163000,
42922.86000000,42922.86000000,0,42922.85000000,42922.86000000,1707042959999,201,1707042900000,77619.10996190,0.33929000,14563.29716940,1.80834000,
42922.86000000,42922.86000000,0,42922.85000000,42922.85000000,1707043019999,202,1707042960000,60268.40671670,0.38032000,16324.42211520,1.40411000,
42912.43000000,42922.86000000,0,42911.05000000,42922.86000000,1707043079999,380,1707043020000,232046.43664370,1.51112000,64845.69091090,5.40708000,
42903.29000000,42916.08000000,0,42903.28000000,42912.44000000,1707043139999,345,1707043080000,285300.94073980,1.18387000,50803.55335320,6.64813000,
42903.26000000,42903.29000000,0,42903.26000000,42903.28000000,1707043199999,197,1707043140000,68132.97561500,0.31172000,13373.81217940,1.58806000,
42916.00000000,42916.00000000,0,42903.26000000,42903.26000000,1707043259999,325,1707043200000,214401.26630970,4.03545000,173153.49619840,4.99661000,
42915.99000000,42916.00000000,0,42915.99000000,42915.99000000,1707043319999,202,1707043260000,42608.28791470,0.55630000,23874.17080000,0.99283000,
42920.54000000,42920.55000000,0,42915.99000000,42916.00000000,1707043379999,227,1707043320000,240184.27739920,4.74791000,203766.74033960,5.59643000,
42920.53000000,42920.54000000,0,42920.53000000,42920.53000000,1707043439999,188,1707043380000,66692.49981190,0.50661000,21743.97476940,1.55386000,
42920.57000000,42920.57000000,0,42920.53000000,42920.54000000,1707043499999,221,1707043440000,311035.31080140,2.03649000,87407.28192810,7.24677000,
42916.00000000,42920.57000000,0,42915.99000000,42920.56000000,1707043559999,334,1707043500000,316206.53234270,0.49738000,21345.68956300,7.36741000,
42910.34000000,42916.00000000,0,42910.34000000,42915.99000000,1707043619999,267,1707043560000,207832.04744910,0.47304000,20298.89012850,4.84304000,
42884.00000000,42910.35000000,0,42883.70000000,42910.34000000,1707043679999,508,1707043620000,668210.30389750,0.51542000,22114.28886380,15.57685000,
42872.31000000,42886.07000000,0,42872.30000000,42886.07000000,1707043739999,397,1707043680000,449263.15490300,3.18032000,136370.35588830,10.47746000,
42888.59000000,42888.59000000,0,42872.30000000,42872.30000000,1707043799999,484,1707043740000,685566.63084200,8.84314000,379172.43288360,15.98730000,
42891.89000000,42891.90000000,0,42888.58000000,42888.58000000,1707043859999,245,1707043800000,100294.19956360,1.80546000,77434.39081580,2.33845000,
42906.39000000,42906.39000000,0,42891.89000000,42891.89000000,1707043919999,335,1707043860000,186608.46779790,3.98652000,171004.53849370,4.35028000,
42904.23000000,42916.62000000,0,42904.22000000,42906.39000000,1707043979999,449,1707043920000,480219.84996220,4.11546000,176604.28753050,11.19041000,
42923.33000000,42923.34000000,0,42904.22000000,42904.22000000,1707044039999,328,1707043980000,259990.29920530,5.06752000,217456.67992960,6.05862000,
42928.62000000,42928.62000000,0,42923.33000000,42923.34000000,1707044099999,251,1707044040000,144389.06291300,2.19160000,94074.35996350,3.36375000,
42937.19000000,42937.20000000,0,42928.61000000,42928.62000000,1707044159999,261,1707044100000,172290.22488040,2.78819000,119702.38554870,4.01312000,
42941.10000000,42941.10000000,0,42937.19000000,42937.19000000,1707044219999,259,1707044160000,135717.49408960,2.46426000,105813.62104250,3.16067000,
42944.00000000,42944.00000000,0,42941.09000000,42941.09000000,1707044279999,223,1707044220000,106378.35846460,0.47325000,20323.01165650,2.47715000,
42944.00000000,42944.00000000,0,42943.99000000,42944.00000000,1707044339999,188,1707044280000,171140.85145770,3.30698000,142014.94912000,3.98521000,
42944.00000000,42944.00000000,0,42943.99000000,42943.99000000,1707044399999,196,1707044340000,60444.96292210,0.86774000,37264.22656000,1.40753000,
42946.46000000,42950.00000000,0,42943.99000000,42944.00000000,1707044459999,760,1707044400000,742556.32253480,11.99114000,514955.83054300,17.29056000,
42931.32000000,42946.47000000,0,42931.32000000,42946.46000000,1707044519999,501,1707044460000,608619.33812590,0.93358000,40084.87978320,14.17403000,
42941.80000000,42943.19000000,0,42931.32000000,42931.32000000,1707044579999,347,1707044520000,386343.58779610,5.28386000,226865.58296390,8.99765000,
42945.82000000,42945.83000000,0,42941.79000000,42941.80000000,1707044639999,234,1707044580000,241479.71191750,4.61868000,198341.38548960,5.62321000,
42949.88000000,42949.89000000,0,42945.82000000,42945.83000000,1707044699999,282,1707044640000,203867.25703320,3.76560000,161719.51059020,4.74696000,
42964.45000000,42968.84000000,0,42949.88000000,42949.89000000,1707044759999,572,1707044700000,492209.01745980,7.94451000,341266.17072210,11.45769000,
42964.44000000,42964.45000000,0,42961.48000000,42964.44000000,1707044819999,662,1707044760000,445387.89770520,4.13808000,177778.91470280,10.36687000,
42963.52000000,42969.92000000,0,42963.52000000,42964.43000000,1707044879999,395,1707044820000,540380.08118980,5.84044000,250938.60313960,12.57687000,
42983.00000000,42983.00000000,0,42963.52000000,42963.52000000,1707044939999,498,1707044880000,613432.83714970,11.82160000,507999.64012490,14.27532000,
42971.11000000,42997.08000000,0,42971.10000000,42982.99000000,1707044999999,2393,1707044940000,916335.34783730,9.19632000,395360.07946520,21.31607000,
42979.90000000,42979.91000000,0,42971.10000000,42971.11000000,1707045059999,359,1707045000000,516529.32010360,5.85841000,251749.31163970,12.01983000,
42982.15000000,42982.16000000,0,42979.90000000,42979.91000000,1707045119999,286,1707045060000,237330.61390780,2.56935000,110432.75995800,5.52182000,
42996.66000000,42996.66000000,0,42982.15000000,42982.16000000,1707045179999,309,1707045120000,146264.97757750,2.75124000,118271.42222780,3.40243000,
42997.08000000,42997.08000000,0,42996.65000000,42996.66000000,1707045239999,198,1707045180000,85858.69593270,1.01292000,43552.59636680,1.99685000,
42999.99000000,43000.00000000,0,42997.07000000,42997.08000000,1707045299999,519,1707045240000,401151.42118030,5.71238000,245625.66599760,9.32948000,
43024.99000000,43033.29000000,0,42999.99000000,43000.00000000,1707045359999,1619,1707045300000,1167028.08081350,20.14552000,866529.31302590,27.12896000,
43000.08000000,43025.00000000,0,42995.99000000,43024.99000000,1707045419999,917,1707045360000,1141612.40610810,14.29390000,614639.69539480,26.54725000,
43000.08000000,43000.08000000,0,43000.07000000,43000.08000000,1707045479999,430,1707045420000,136357.53322130,1.12443000,48350.57995440,3.17110000,
42996.46000000,43000.08000000,0,42996.46000000,43000.07000000,1707045539999,456,1707045480000,164286.06798490,1.01201000,43514.00995280,3.82072000,
42996.46000000,42996.47000000,0,42996.46000000,42996.47000000,1707045599999,178,1707045540000,48016.30023510,0.35301000,15178.18387470,1.11675000,
43007.86000000,43007.87000000,0,42988.56000000,42996.46000000,1707045659999,670,1707045600000,706312.08470790,8.93513000,384150.39309790,16.42791000,
43000.13000000,43021.10000000,0,43000.12000000,43007.86000000,1707045719999,1205,1707045660000,639116.49327880,3.38160000,145438.25986450,14.85965000,
43010.89000000,43015.47000000,0,43000.12000000,43000.12000000,1707045779999,835,1707045720000,444675.12593510,7.39998000,318250.02266470,10.33938000,
43017.99000000,43018.00000000,0,43010.89000000,43010.89000000,1707045839999,369,1707045780000,613038.13802380,9.10335000,391566.16266910,14.25220000,
43030.00000000,43030.00000000,0,43017.99000000,43018.00000000,1707045899999,312,1707045840000,134078.58222320,2.09055000,89943.53785410,3.11629000,
43026.47000000,43045.00000000,0,43026.47000000,43030.00000000,1707045959999,904,1707045900000,594969.64784160,7.18717000,309309.10621910,13.82463000,
43029.10000000,43029.11000000,0,43019.27000000,43026.48000000,1707046019999,452,1707045960000,527723.83149840,5.80913000,249918.69728190,12.26602000,
43040.73000000,43040.74000000,0,43029.10000000,43029.10000000,1707046079999,328,1707046020000,285405.31143100,4.71018000,202715.98822110,6.63148000,
43040.72000000,43040.73000000,0,43040.72000000,43040.73000000,1707046139999,310,1707046080000,579654.43711630,9.72587000,418608.54468510,13.46758000,
43037.27000000,43040.73000000,0,43033.43000000,43040.73000000,1707046199999,427,1707046140000,396505.50405010,5.57261000,239814.26093660,9.21325000,
43030.67000000,43037.28000000,0,43027.19000000,43037.27000000,1707046259999,462,1707046200000,378829.88517160,4.77785000,205581.35855080,8.80383000,
43035.10000000,43035.11000000,0,43030.67000000,43030.67000000,1707046319999,301,1707046260000,267770.76751030,5.53341000,238121.05852540,6.22241000,
43037.28000000,43037.28000000,0,43035.10000000,43035.10000000,1707046379999,274,1707046320000,387165.10641690,6.67725000,287356.81716380,8.99639000,
43037.28000000,43037.28000000,0,43037.27000000,43037.27000000,1707046439999,235,1707046380000,95315.07592670,0.36850000,15859.23768000,2.21471000,
43035.12000000,43040.05000000,0,43035.11000000,43037.27000000,1707046499999,1440,1707046440000,442945.12005670,4.59659000,197832.96978980,10.29176000,
43035.31000000,43035.32000000,0,43035.11000000,43035.11000000,1707046559999,987,1707046500000,477029.10602800,8.60169000,370175.90784480,11.08461000,
43052.92000000,43052.92000000,0,43035.31000000,43035.32000000,1707046619999,665,1707046560000,351717.44073060,6.73720000,289989.41291580,8.17116000,
43060.60000000,43060.60000000,0,43050.01000000,43052.92000000,1707046679999,854,1707046620000,368594.24987480,5.22237000,224845.63119910,8.56122000,
43061.81000000,43061.82000000,0,43050.59000000,43060.60000000,1707046739999,944,1707046680000,469481.14869110,5.88542000,253410.06041870,10.90374000,
43085.02000000,43085.03000000,0,43061.81000000,43061.82000000,1707046799999,1056,1707046740000,715757.78190640,13.14845000,566424.55180300,16.61475000,
43104.00000000,43119.04000000,0,43076.11000000,43085.02000000,1707046859999,2370,1707046800000,3180002.93247950,38.91286000,1676869.63854300,73.79126000,
43110.00000000,43110.01000000,0,43098.00000000,43104.00000000,1707046919999,1054,1707046860000,1598628.01495230,28.87418000,1244459.54535840,37.09128000,
43097.04000000,43110.01000000,0,43097.03000000,43110.00000000,1707046979999,518,1707046920000,512638.88922160,4.73468000,204100.81180040,11.89238000,
43081.90000000,43100.14000000,0,43077.64000000,43097.04000000,1707047039999,614,1707046980000,1122716.13977480,12.46317000,537070.22642290,26.05359000,
43075.63000000,43082.31000000,0,43075.63000000,43081.90000000,1707047099999,519,1707047040000,463799.13009060,4.84129000,208572.21630860,10.76563000,
43037.98000000,43075.64000000,0,43032.00000000,43075.64000000,1707047159999,696,1707047100000,995299.52157560,7.18933000,309466.87498410,23.11994000,
43048.88000000,43048.88000000,0,43026.41000000,43037.99000000,1707047219999,766,1707047160000,1601706.32001980,14.19561000,610924.65709360,37.21790000,
43047.07000000,43050.95000000,0,43047.06000000,43048.87000000,1707047279999,382,1707047220000,673484.96740360,3.77683000,162583.78177470,15.64432000,
43036.31000000,43049.02000000,0,43036.31000000,43047.07000000,1707047339999,456,1707047280000,887566.87427680,5.82653000,250818.10289520,20.62013000,
43049.99000000,43050.00000000,0,43036.31000000,43036.32000000,1707047399999,2097,1707047340000,506006.48881600,10.21005000,439445.16863260,11.75653000,
43050.00000000,43050.00000000,0,43049.99000000,43050.00000000,1707047459999,276,1707047400000,99737.79748830,1.11562000,48027.44100000,2.31679000,
43071.09000000,43071.10000000,0,43049.99000000,43049.99000000,1707047519999,613,1707047460000,277041.14938040,5.65687000,243567.06334520,6.43413000,
43057.91000000,43071.10000000,0,43056.60000000,43071.10000000,1707047579999,495,1707047520000,478024.59335130,3.58203000,154236.81768880,11.10053000,
43041.89000000,43057.91000000,0,43037.94000000,43057.91000000,1707047639999,1141,1707047580000,554020.63269460,8.47568000,364789.93298920,12.87124000,
43027.00000000,43041.90000000,0,43026.99000000,43041.89000000,1707047699999,368,1707047640000,223387.67615370,0.56838000,24458.27908630,5.19062000,
43043.54000000,43043.54000000,0,43026.99000000,43027.00000000,1707047759999,1605,1707047700000,424159.55042720,8.77789000,377747.26573990,9.85624000,
43043.47000000,43044.68000000,0,43043.46000000,43043.54000000,1707047819999,393,1707047760000,166213.13608790,1.79404000,77222.93252640,3.86146000,
43058.54000000,43058.54000000,0,43042.31000000,43043.47000000,1707047879999,1260,1707047820000,366361.34993250,6.33044000,272503.28230110,8.51085000,
43060.06000000,43060.07000000,0,43058.53000000,43058.53000000,1707047939999,269,1707047880000,382480.07031730,7.65974000,329819.34006400,8.88272000,
43060.10000000,43060.26000000,0,43049.51000000,43060.06000000,1707047999999,669,1707047940000,551925.54425290,4.18437000,180158.18908620,12.81822000,
43071.99000000,43071.99000000,0,43060.09000000,43060.09000000,1707048059999,793,1707048000000,474426.18631320,6.60250000,284352.48587070,11.01577000,
43063.67000000,43078.86000000,0,43062.14000000,43071.99000000,1707048119999,799,1707048060000,1646040.89563500,5.40180000,232648.96468830,38.21468000,
43065.56000000,43065.58000000,0,43063.66000000,43063.67000000,1707048179999,504,1707048120000,279424.15331930,4.38858000,188989.25957140,6.48859000,
43053.10000000,43073.99000000,0,43052.00000000,43065.56000000,1707048239999,743,1707048180000,1108730.85347930,15.74471000,677987.94311960,25.74660000,
43069.55000000,43069.55000000,0,43053.09000000,43053.09000000,1707048299999,475,1707048240000,487888.41939270,10.43123000,449187.23015760,11.32992000,
43069.54000000,43075.31000000,0,43069.54000000,43069.54000000,1707048359999,472,1707048300000,456145.83816130,3.48752000,150217.51942020,10.58980000,
43069.54000000,43069.55000000,0,43069.54000000,43069.55000000,1707048419999,199,1707048360000,87236.07090190,0.97181000,41855.41938550,2.02547000,
43076.00000000,43076.00000000,0,43069.54000000,43069.55000000,1707048479999,385,1707048420000,408120.48623870,5.26341000,226700.59435580,9.47514000,
43078.35000000,43078.35000000,0,43075.99000000,43075.99000000,1707048539999,307,1707048480000,98882.40018350,1.47792000,63664.15521660,2.29548000,
43084.60000000,43084.61000000,0,43071.65000000,43078.35000000,1707048599999,665,1707048540000,867039.93662400,7.35027000,316635.74069750,20.12701000,
43090.00000000,43090.00000000,0,43084.60000000,43084.60000000,1707048659999,324,1707048600000,201036.72655250,2.94508000,126894.63728770,4.66590000,
43086.02000000,43102.00000000,0,43086.01000000,43089.99000000,1707048719999,638,1707048660000,452912.82311210,4.26261000,183701.13768630,10.50934000,
43077.36000000,43086.02000000,0,43052.94000000,43086.01000000,1707048779999,652,1707048720000,2904102.34375380,13.06299000,562697.61264140,67.42612000,
43073.89000000,43077.36000000,0,43073.89000000,43077.35000000,1707048839999,358,1707048780000,188368.10736690,0.88359000,38060.25754500,4.37301000,
43073.89000000,43073.90000000,0,43073.89000000,43073.89000000,1707048899999,238,1707048840000,114800.54294570,1.13177000,48749.74780300,2.66520000,
43058.74000000,43073.90000000,0,43043.21000000,43073.89000000,1707048959999,1328,1707048900000,970022.06961050,14.96972000,644447.28389760,22.53038000,
43048.54000000,43059.83000000,0,43043.22000000,43058.75000000,1707049019999,576,1707048960000,1529879.27511630,13.45196000,579063.34331400,35.53811000,
43061.54000000,43063.53000000,0,43048.53000000,43048.54000000,1707049079999,393,1707049020000,911322.73958250,9.34443000,402306.87234260,21.16548000,
43068.99000000,43069.00000000,0,43061.41000000,43061.53000000,1707049139999,353,1707049080000,370310.09793020,6.88551000,296517.72659840,8.59904000,
43068.99000000,43069.00000000,0,43068.99000000,43069.00000000,1707049199999,230,1707049140000,147870.50881090,2.26843000,97699.01167000,3.43334000,
43069.07000000,43069.08000000,0,43068.99000000,43068.99000000,1707049259999,198,1707049200000,150863.01770470,1.90612000,82094.72173270,3.50282000,
43069.44000000,43069.45000000,0,43069.07000000,43069.07000000,1707049319999,227,1707049260000,44220.58604540,0.63234000,27234.45026300,1.02673000,
43084.79000000,43084.80000000,0,43069.44000000,43069.45000000,1707049379999,371,1707049320000,302293.21882780,5.82834000,251068.96846010,7.01740000,
43084.80000000,43084.80000000,0,43084.79000000,43084.79000000,1707049439999,188,1707049380000,47659.97105990,0.72098000,31063.27910400,1.10619000,
43090.80000000,43090.80000000,0,43084.79000000,43084.79000000,1707049499999,280,1707049440000,383965.63165480,8.03713000,346308.69063010,8.91106000,
43088.28000000,43090.80000000,0,43071.10000000,43090.79000000,1707049559999,669,1707049500000,1229553.86188950,10.13212000,436493.97801040,28.53881000,
43088.28000000,43088.29000000,0,43088.28000000,43088.28000000,1707049619999,196,1707049560000,69935.73427260,0.87702000,37789.29209580,1.62308000,
43079.51000000,43088.29000000,0,43079.51000000,43088.28000000,1707049679999,320,1707049620000,245312.37401110,0.73055000,31475.40668880,5.69340000,
43079.52000000,43079.52000000,0,43079.51000000,43079.52000000,1707049739999,194,1707049680000,55968.90261400,0.32220000,13880.22134400,1.29920000,
43079.52000000,43079.52000000,0,43079.51000000,43079.52000000,1707049799999,187,1707049740000,33208.27311010,0.20315000,8751.60448800,0.77086000,
43084.31000000,43084.31000000,0,43079.51000000,43079.52000000,1707049859999,318,1707049800000,330943.37726980,4.47167000,192645.33697410,7.68192000,
43084.30000000,43084.31000000,0,43084.30000000,43084.30000000,1707049919999,213,1707049860000,111775.32847520,0.56132000,24184.08488920,2.59434000,
43084.31000000,43084.31000000,0,43084.30000000,43084.30000000,1707049979999,211,1707049920000,75916.27217740,1.22054000,52586.12372740,1.76204000,
43096.35000000,43096.35000000,0,43084.30000000,43084.31000000,1707050039999,384,1707049980000,711605.38837960,15.43034000,664870.43889320,16.51499000,
43089.80000000,43096.55000000,0,43089.79000000,43096.35000000,1707050099999,382,1707050040000,776517.70105690,11.49977000,495578.37766450,18.01889000,
43104.19000000,43104.19000000,0,43089.79000000,43089.80000000,1707050159999,354,1707050100000,518335.44462330,11.04408000,475974.54044540,12.02700000,
43111.90000000,43111.90000000,0,43104.18000000,43104.18000000,1707050219999,280,1707050160000,237510.42361670,4.67550000,201544.56719370,5.50987000,
43115.75000000,43115.76000000,0,43111.89000000,43111.90000000,1707050279999,259,1707050220000,214959.46137930,4.14117000,178537.68628210,4.98595000,
43108.01000000,43115.76000000,0,43108.00000000,43115.76000000,1707050339999,458,1707050280000,287807.79114780,0.48127000,20747.01176120,6.67565000,
43108.00000000,43108.01000000,0,43108.00000000,43108.01000000,1707050399999,332,1707050340000,64298.17105570,0.25757000,11103.33013570,1.49156000,
43092.01000000,43108.01000000,0,43092.00000000,43108.01000000,1707050459999,755,1707050400000,349566.71096770,0.44083000,19003.00316830,8.10993000,
43079.52000000,43092.01000000,0,43079.52000000,43092.01000000,1707050519999,1886,1707050460000,544237.41319080,4.27616000,184232.49913230,12.63194000,
43061.74000000,43079.53000000,0,43061.74000000,43079.53000000,1707050579999,509,1707050520000,446588.79880180,0.35510000,15292.25581740,10.36905000,
43048.43000000,43061.75000000,0,43048.42000000,43061.75000000,1707050639999,376,1707050580000,245187.17545710,0.26668000,11482.63474850,5.69486000,
43046.17000000,43048.43000000,0,43046.17000000,43048.43000000,1707050699999,273,1707050640000,151557.56364350,2.14245000,92224.49193370,3.52080000,
43050.12000000,43053.59000000,0,43046.17000000,43046.17000000,1707050759999,393,1707050700000,276396.30112930,3.46144000,149007.37680890,6.42030000,
43019.05000000,43050.12000000,0,43019.05000000,43050.12000000,1707050819999,628,1707050760000,315915.43806590,1.52491000,65606.72752860,7.34081000,
43012.99000000,43019.06000000,0,43004.92000000,43019.06000000,1707050879999,715,1707050820000,1072569.19002310,13.19430000,567459.67015380,24.93765000,
43026.45000000,43026.45000000,0,43012.98000000,43012.98000000,1707050939999,341,1707050880000,223868.28682920,3.57507000,153791.00697500,5.20381000,
43032.00000000,43032.00000000,0,43026.44000000,43026.45000000,1707050999999,689,1707050940000,135925.78960270,2.63729000,113477.19161540,3.15900000,
43041.23000000,43041.23000000,0,43031.99000000,43031.99000000,1707051059999,285,1707051000000,262239.03801920,3.74949000,161371.11275390,6.09304000,
43026.71000000,43041.23000000,0,43024.30000000,43041.23000000,1707051119999,575,1707051060000,571461.66668910,5.16698000,222311.40825670,13.27984000,
43012.98000000,43026.71000000,0,43012.98000000,43026.70000000,1707051179999,331,1707051120000,264986.97525480,0.31862000,13706.05533100,6.15927000,
43016.15000000,43016.15000000,0,43012.98000000,43012.98000000,1707051239999,302,1707051180000,189035.80326610,3.96770000,170664.65262410,4.39480000,
43015.66000000,43016.15000000,0,43004.01000000,43016.15000000,1707051299999,514,1707051240000,585029.58985610,5.18620000,223051.52567400,13.60184000,
43012.36000000,43015.67000000,0,43012.35000000,43015.67000000,1707051359999,422,1707051300000,278989.47044480,1.74796000,75184.57156960,6.48607000,
43012.20000000,43012.36000000,0,43012.19000000,43012.36000000,1707051419999,257,1707051360000,129503.78125440,0.58602000,25206.01215600,3.01086000,
43023.35000000,43023.41000000,0,43012.19000000,43012.20000000,1707051479999,432,1707051420000,342957.64991600,6.58071000,283068.31758630,7.97281000,
43015.20000000,43023.35000000,0,43015.19000000,43023.35000000,1707051539999,277,1707051480000,190290.42277640,0.36557000,15726.50564640,4.42320000,
42994.44000000,43015.20000000,0,42994.43000000,43015.19000000,1707051599999,554,1707051540000,389716.21390170,0.34959000,15034.76154910,9.06136000,
42994.96000000,42994.96000000,0,42994.43000000,42994.44000000,1707051659999,674,1707051600000,345316.47096140,5.38409000,231487.40220680,8.03159000,
42997.21000000,42997.21000000,0,42994.95000000,42994.95000000,1707051719999,471,1707051660000,218430.87875320,3.90678000,167974.77355870,5.08029000,
42994.11000000,42997.21000000,0,42994.10000000,42997.20000000,1707051779999,427,1707051720000,399441.36992380,0.57059000,24533.40626080,9.29014000,
43005.33000000,43014.30000000,0,42994.10000000,42994.10000000,1707051839999,737,1707051780000,1948848.18063200,34.42066000,1480305.06757870,45.31422000,
42983.53000000,43005.34000000,0,42983.52000000,43005.34000000,1707051899999,567,1707051840000,307875.30374920,1.45759000,62670.68757330,7.16060000,
42965.92000000,42983.53000000,0,42963.53000000,42983.52000000,1707051959999,742,1707051900000,457144.99678960,4.67358000,200817.96751230,10.63824000,
42975.74000000,42975.75000000,0,42965.91000000,42965.92000000,1707052019999,504,1707051960000,562271.02502910,6.48407000,278619.35784520,13.08525000,
42976.50000000,42983.53000000,0,42975.74000000,42975.74000000,1707052079999,420,1707052020000,498429.15414410,3.00296000,129061.74458330,11.59633000,
42983.41000000,42983.41000000,0,42971.50000000,42976.51000000,1707052139999,499,1707052080000,297058.30919260,4.74095000,203751.55848820,6.91206000,
42982.02000000,42983.41000000,0,42982.02000000,42983.40000000,1707052199999,268,1707052140000,233219.54168630,2.93540000,126173.47619780,5.42581000,
42989.31000000,42989.32000000,0,42982.02000000,42982.02000000,1707052259999,355,1707052200000,281062.15589780,5.41615000,232808.50599960,6.53877000,
42989.34000000,42989.35000000,0,42989.31000000,42989.31000000,1707052319999,241,1707052260000,110993.28367330,1.06411000,45745.38550240,2.58188000,
42991.10000000,42991.10000000,0,42989.34000000,42989.34000000,1707052379999,279,1707052320000,161535.76017600,2.72097000,116972.83279450,3.75757000,
42972.41000000,42992.42000000,0,42972.40000000,42991.10000000,1707052439999,517,1707052380000,542411.32653280,1.56753000,67386.46342840,12.61868000,
42980.14000000,42980.14000000,0,42972.40000000,42972.40000000,1707052499999,373,1707052440000,399713.85849200,6.42806000,276256.61599510,9.30057000,
42986.01000000,42986.02000000,0,42973.14000000,42980.13000000,1707052559999,544,1707052500000,470060.57758880,6.79357000,291979.82247510,10.93708000,
43001.99000000,43002.00000000,0,42986.01000000,42986.02000000,1707052619999,406,1707052560000,265341.41130890,5.04534000,216916.99286770,6.17174000,
43011.97000000,43011.98000000,0,43001.99000000,43001.99000000,1707052679999,252,1707052620000,218966.69316960,3.36747000,144819.12213060,5.09142000,
43015.00000000,43015.00000000,0,43011.97000000,43011.97000000,1707052739999,271,1707052680000,154174.93006520,1.80935000,77826.83384440,3.58429000,
43015.00000000,43015.00000000,0,43014.99000000,43015.00000000,1707052799999,234,1707052740000,148692.07922220,1.25397000,53939.51955000,3.45675000,
43000.00000000,43015.00000000,0,43000.00000000,43015.00000000,1707052859999,448,1707052800000,400006.38551330,1.12875000,48550.33839920,9.29986000,
43007.88000000,43007.90000000,0,42990.00000000,43000.00000000,1707052919999,547,1707052860000,696421.55144550,8.75141000,376265.12738920,16.19792000,
43004.87000000,43007.89000000,0,43004.87000000,43007.89000000,1707052979999,256,1707052920000,148807.37674620,0.52356000,22515.68740700,3.46018000,
43004.87000000,43004.88000000,0,43004.87000000,43004.87000000,1707053039999,152,1707052980000,46632.33587610,0.50916000,21896.36470080,1.08435000,
43009.63000000,43009.64000000,0,43004.87000000,43004.87000000,1707053099999,297,1707053040000,131023.90077590,2.61279000,112364.53897690,3.04667000,
43009.64000000,43009.64000000,0,43009.63000000,43009.64000000,1707053159999,152,1707053100000,150904.89826460,2.01577000,86697.54202280,3.50863000,
43009.64000000,43009.64000000,0,43009.63000000,43009.64000000,1707053219999,201,1707053160000,76070.27762780,0.52394000,22534.47078160,1.76868000,
43009.64000000,43009.64000000,0,43009.63000000,43009.63000000,1707053279999,291,1707053220000,140808.37776800,1.03036000,44315.41267040,3.27388000,
43016.15000000,43016.16000000,0,43009.63000000,43009.64000000,1707053339999,348,1707053280000,219087.18484930,3.56765000,153449.72897030,5.09372000,
43016.16000000,43016.16000000,0,43016.15000000,43016.16000000,1707053399999,242,1707053340000,107058.60198970,0.78697000,33852.42743520,2.48880000,
43026.70000000,43026.71000000,0,43016.15000000,43016.16000000,1707053459999,471,1707053400000,437705.91410040,5.72687000,246357.16386840,10.17467000,
43016.15000000,43037.92000000,0,43016.15000000,43026.71000000,1707053519999,538,1707053460000,609310.17586540,7.25527000,312200.90759870,14.15980000,
43002.22000000,43016.16000000,0,43001.10000000,43016.15000000,1707053579999,403,1707053520000,533550.74655590,4.62218000,198806.61565160,12.40540000,
43000.00000000,43002.23000000,0,43000.00000000,43002.23000000,1707053639999,272,1707053580000,240343.14604410,1.02492000,44071.65751700,5.58932000,
43001.61000000,43001.62000000,0,43000.00000000,43000.01000000,1707053699999,341,1707053640000,257863.39832900,4.27106000,183656.99001280,5.99678000,
42972.96000000,43006.28000000,0,42972.55000000,43001.62000000,1707053759999,663,1707053700000,790392.76473040,3.42839000,147425.20852060,18.38532000,
42986.79000000,42986.79000000,0,42972.96000000,42972.96000000,1707053819999,424,1707053760000,484427.87899400,10.40589000,447244.55888360,11.27104000,
42984.00000000,42986.79000000,0,42984.00000000,42986.79000000,1707053879999,303,1707053820000,338435.03981910,2.94834000,126731.62190330,7.87336000,
42984.00000000,42984.01000000,0,42983.99000000,42984.00000000,1707053939999,243,1707053880000,166051.05956010,0.21663000,9311.62479540,3.86309000,
42988.06000000,42988.06000000,0,42983.99000000,42983.99000000,1707053999999,316,1707053940000,334571.37669760,6.13441000,263686.81549770,7.78344000,
42988.06000000,42988.06000000,0,42988.05000000,42988.06000000,1707054059999,203,1707054000000,82644.96194450,0.59390000,25530.60883400,1.92251000,
42988.06000000,42988.06000000,0,42988.05000000,42988.06000000,1707054119999,229,1707054060000,101294.90483110,1.32136000,56802.70296160,2.35635000,
42984.00000000,42988.06000000,0,42984.00000000,42988.05000000,1707054179999,357,1707054120000,222116.60614140,0.39467000,16965.14828650,5.16708000,
42983.99000000,42984.01000000,0,42983.99000000,42984.01000000,1707054239999,226,1707054180000,121011.55577850,1.04032000,44717.11585670,2.81527000,
42983.99000000,42984.00000000,0,42983.99000000,42983.99000000,1707054299999,175,1707054240000,58410.94779970,0.37887000,16285.34808000,1.35890000,
42993.90000000,42993.91000000,0,42983.99000000,42984.00000000,1707054359999,477,1707054300000,482732.60933030,7.98825000,343381.74342010,11.22960000,
42984.60000000,42993.91000000,0,42984.60000000,42993.90000000,1707054419999,408,1707054360000,387642.57201820,2.55593000,109869.81826130,9.01716000,
42993.91000000,42993.91000000,0,42984.60000000,42984.60000000,1707054479999,406,1707054420000,238515.45153640,4.07148000,175018.17874100,5.54860000,
42999.33000000,42999.33000000,0,42993.90000000,42993.91000000,1707054539999,313,1707054480000,135728.98737360,1.63318000,70219.06885760,3.15674000,
42993.90000000,42999.33000000,0,42993.90000000,42999.32000000,1707054599999,380,1707054540000,502336.41670110,3.08193000,132520.71031070,11.68255000,
42993.90000000,42993.91000000,0,42993.90000000,42993.90000000,1707054659999,206,1707054600000,89162.48086770,1.12917000,48547.43335470,2.07384000,
42993.90000000,42993.91000000,0,42993.90000000,42993.91000000,1707054719999,216,1707054660000,46085.59545880,0.41098000,17669.63713180,1.07191000,
42993.91000000,42993.91000000,0,42993.90000000,42993.91000000,1707054779999,233,1707054720000,158147.07280170,3.07977000,132411.35420070,3.67836000,
43000.00000000,43000.00000000,0,42993.90000000,42993.90000000,1707054839999,276,1707054780000,281875.11627530,6.26869000,269530.33085270,6.55580000,
43000.00000000,43000.00000000,0,42999.99000000,43000.00000000,1707054899999,213,1707054840000,157871.48334250,3.00568000,129244.24000000,3.67143000,
43005.57000000,43005.58000000,0,42999.99000000,43000.00000000,1707054959999,274,1707054900000,417265.01234050,9.18176000,394818.25560590,9.70374000,
42995.53000000,43005.58000000,0,42995.52000000,43005.58000000,1707055019999,383,1707054960000,251209.76846310,0.40755000,17523.54185270,5.84177000,
42995.53000000,42995.53000000,0,42995.52000000,42995.52000000,1707055079999,215,1707055020000,101288.41877620,0.27154000,11675.00621620,2.35579000,
42995.52000000,42995.53000000,0,42995.52000000,42995.52000000,1707055139999,197,1707055080000,57166.84643250,0.30405000,13072.79089650,1.32960000,
42995.52000000,42995.53000000,0,42995.52000000,42995.52000000,1707055199999,209,1707055140000,101522.31609970,0.44101000,18961.45868530,2.36123000,
43005.06000000,43005.07000000,0,42995.52000000,42995.53000000,1707055259999,468,1707055200000,466196.33888010,9.18108000,394795.43197680,10.84164000,
43012.98000000,43012.98000000,0,43005.06000000,43005.06000000,1707055319999,343,1707055260000,201878.24885390,1.45833000,62721.48921830,4.69396000,
42991.10000000,43012.98000000,0,42991.10000000,43012.97000000,1707055379999,532,1707055320000,934517.50983650,0.84966000,36540.43567460,21.73235000,
42987.56000000,42991.11000000,0,42987.56000000,42991.11000000,1707055439999,224,1707055380000,238178.25076290,2.46759000,106076.17541040,5.54040000,
42987.16000000,42987.57000000,0,42987.15000000,42987.56000000,1707055499999,203,1707055440000,108528.53287530,0.75195000,32324.23224290,2.52466000,
42971.97000000,42987.16000000,0,42970.65000000,42987.16000000,1707055559999,379,1707055500000,473020.88237590,0.77667000,33377.04404720,11.00525000,
42981.03000000,42981.03000000,0,42971.96000000,42971.97000000,1707055619999,421,1707055560000,378384.84670960,8.12267000,349076.73982400,8.80458000,
42975.01000000,42981.03000000,0,42975.00000000,42981.03000000,1707055679999,363,1707055620000,304704.63367320,0.47813000,20549.50785760,7.08967000,
42972.01000000,42975.01000000,0,42972.00000000,42975.01000000,1707055739999,241,1707055680000,94511.77382780,0.18816000,8085.68189510,2.19935000,
42980.00000000,42980.00000000,0,42972.00000000,42972.01000000,1707055799999,359,1707055740000,291887.52646430,5.84012000,250981.60216370,6.79190000,
42990.31000000,42990.31000000,0,42979.99000000,42979.99000000,1707055859999,448,1707055800000,343659.66743850,7.14506000,307122.75023800,7.99507000,
42994.99000000,42995.00000000,0,42990.30000000,42990.30000000,1707055919999,335,1707055860000,246777.17186180,4.20917000,180962.55390990,5.74003000,
42994.99000000,42995.00000000,0,42994.99000000,42995.00000000,1707055979999,288,1707055920000,193930.22523420,3.29895000,141838.35525000,4.51053000,
42997.99000000,42998.00000000,0,42994.99000000,42994.99000000,1707056039999,288,1707055980000,121929.54614780,1.56608000,67334.50858450,2.83587000,
43006.66000000,43006.66000000,0,42997.99000000,42997.99000000,1707056099999,366,1707056040000,335102.63544810,6.76724000,291003.79010320,7.79266000,
43016.15000000,43016.16000000,0,43006.65000000,43006.66000000,1707056159999,338,1707056100000,359663.14648890,7.35966000,316546.41065380,8.36205000,
43010.01000000,43016.16000000,0,43010.00000000,43016.15000000,1707056219999,474,1707056160000,835116.20688820,1.76728000,76011.63116340,19.41574000,
43003.80000000,43010.01000000,0,43003.79000000,43010.01000000,1707056279999,701,1707056220000,967121.47919710,13.23366000,569100.32940170,22.48828000,
43003.79000000,43003.80000000,0,43003.79000000,43003.79000000,1707056339999,328,1707056280000,463780.41504980,2.12642000,91444.14039600,10.78464000,
42965.17000000,43003.80000000,0,42959.99000000,43003.80000000,1707056399999,863,1707056340000,6207750.61250140,65.89250000,2830830.11425880,144.45824000,
42954.12000000,42965.18000000,0,42947.98000000,42965.17000000,1707056459999,1036,1707056400000,955674.42756490,9.83810000,422572.44526570,22.24867000,
42974.87000000,42974.87000000,0,42954.11000000,42954.12000000,1707056519999,891,1707056460000,2960061.90327220,52.15593000,2240845.33531970,68.89377000,
42977.20000000,42979.84000000,0,42974.86000000,42974.87000000,1707056579999,454,1707056520000,1230937.37771760,23.97199000,1030214.46597320,28.64230000,
42984.59000000,42984.60000000,0,42977.19000000,42977.20000000,1707056639999,289,1707056580000,433817.63911550,8.12649000,349278.26720070,10.09329000,
43002.23000000,43002.24000000,0,42984.59000000,42984.59000000,1707056699999,380,1707056640000,821190.08462610,17.83404000,766775.47177150,19.09968000,
42997.06000000,43003.81000000,0,42997.06000000,43002.23000000,1707056759999,292,1707056700000,358668.36026840,1.27908000,54998.37045640,8.34082000,
43006.46000000,43006.46000000,0,42997.06000000,42997.06000000,1707056819999,287,1707056760000,233079.60747920,4.48009000,192645.28951770,5.42036000,
43006.55000000,43006.55000000,0,43006.54000000,43006.54000000,1707056879999,255,1707056820000,356596.93612870,3.84761000,165472.43184550,8.29169000,
42997.06000000,43006.55000000,0,42997.06000000,43006.55000000,1707056939999,542,1707056880000,772328.90052640,0.58690000,25238.03295950,17.95956000,
43002.15000000,43002.20000000,0,42992.13000000,42997.07000000,1707056999999,435,1707056940000,375999.93611520,6.29318000,270582.75445830,8.74506000,
43008.00000000,43008.00000000,0,43002.14000000,43002.15000000,1707057059999,407,1707057000000,535516.99880530,11.58829000,498354.35953890,12.45245000,
43008.03000000,43008.03000000,0,43007.99000000,43007.99000000,1707057119999,326,1707057060000,394388.08457420,7.82577000,336570.72123660,9.17011000,
43006.97000000,43014.74000000,0,43004.87000000,43008.02000000,1707057179999,471,1707057120000,581306.64466660,2.25918000,97167.03501970,13.51496000,
43006.97000000,43006.98000000,0,43006.97000000,43006.97000000,1707057239999,273,1707057180000,252869.84382540,4.20376000,180791.02224480,5.87974000,
43007.51000000,43007.51000000,0,43006.97000000,43006.98000000,1707057299999,291,1707057240000,243227.03968950,3.16588000,136155.02530870,5.65552000,
43002.11000000,43007.51000000,0,43002.10000000,43007.51000000,1707057359999,537,1707057300000,597007.76112010,0.85596000,36809.27994090,13.88191000,
42977.60000000,43002.11000000,0,42977.59000000,43002.10000000,1707057419999,2198,1707057360000,606562.66082980,0.77939000,33503.40734950,14.10864000,
42974.02000000,42977.60000000,0,42974.01000000,42977.59000000,1707057479999,409,1707057420000,174289.19133400,1.34815000,57935.52648630,4.05564000,
42972.98000000,42974.02000000,0,42962.00000000,42974.02000000,1707057539999,745,1707057480000,390823.04140520,4.35103000,186951.54536090,9.09524000,
42965.11000000,42972.98000000,0,42965.10000000,42972.97000000,1707057599999,437,1707057540000,257401.72673960,0.67080000,28825.85382470,5.98994000,
42942.00000000,42965.11000000,0,42942.00000000,42965.10000000,1707057659999,1516,1707057600000,1193056.22272870,1.97782000,84945.66678730,27.77650000,
42951.78000000,42951.79000000,0,42942.00000000,42942.01000000,1707057719999,434,1707057660000,412168.11782560,5.54977000,238349.72173000,9.59683000,
42951.78000000,42951.79000000,0,42951.78000000,42951.78000000,1707057779999,282,1707057720000,148858.84987520,0.68936000,29609.24595440,3.46572000,
42951.78000000,42951.79000000,0,42951.78000000,42951.79000000,1707057839999,226,1707057780000,56457.54092680,0.32236000,13845.93902440,1.31444000,
42952.01000000,42952.02000000,0,42951.78000000,42951.78000000,1707057899999,401,1707057840000,299386.94284830,5.97818000,256773.89374310,6.97029000,
42927.09000000,42952.02000000,0,42920.00000000,42952.02000000,1707057959999,983,1707057900000,1219844.88382450,5.10708000,219299.86195950,28.40667000,
42920.43000000,42927.10000000,0,42908.04000000,42927.09000000,1707058019999,1374,1707057960000,1144655.18734260,13.11335000,562780.55379690,26.66993000,
42919.99000000,42920.44000000,0,42900.00000000,42920.43000000,1707058079999,1599,1707058020000,1305952.17532450,16.46053000,706346.58405260,30.43385000,
42907.17000000,42920.00000000,0,42874.88000000,42920.00000000,1707058139999,1265,1707058080000,1868921.52520320,12.06278000,517425.01987380,43.56439000,
42911.40000000,42918.78000000,0,42904.72000000,42907.17000000,1707058199999,474,1707058140000,626723.71911900,7.93006000,340262.73670340,14.60549000,
42891.10000000,42918.78000000,0,42891.10000000,42911.40000000,1707058259999,615,1707058200000,697516.84737910,5.56537000,238825.68471750,16.25522000,
42895.20000000,42899.75000000,0,42891.10000000,42891.11000000,1707058319999,406,1707058260000,329162.03423520,2.93722000,125990.31330910,7.67342000,
42893.11000000,42895.20000000,0,42893.11000000,42895.19000000,1707058379999,287,1707058320000,180940.74920130,0.78162000,33527.53478480,4.21822000,
42899.78000000,42899.78000000,0,42893.07000000,42893.12000000,1707058439999,533,1707058380000,434470.33292120,7.98035000,342332.82031840,10.12829000,
42899.73000000,42899.78000000,0,42899.73000000,42899.78000000,1707058499999,310,1707058440000,316779.13041900,0.78929000,33860.35123860,7.38417000,
42882.74000000,42899.74000000,0,42880.00000000,42899.74000000,1707058559999,722,1707058500000,970972.00647750,2.98802000,128140.03391900,22.64023000,
42871.04000000,42882.75000000,0,42850.00000000,42882.75000000,1707058619999,1448,1707058560000,1272099.95888170,17.99874000,771375.17481290,29.67844000,
42871.05000000,42875.99000000,0,42871.04000000,42871.05000000,1707058679999,511,1707058620000,527811.26613930,2.09902000,89988.21367320,12.31103000,
42881.04000000,42881.05000000,0,42871.04000000,42871.04000000,1707058739999,1006,1707058680000,296412.53199420,5.89314000,252659.66011430,6.91351000,
42874.00000000,42881.05000000,0,42874.00000000,42881.04000000,1707058799999,356,1707058740000,425663.16166480,2.80413000,120243.39417090,9.92671000,
42873.00000000,42881.05000000,0,42873.00000000,42874.00000000,1707058859999,584,1707058800000,848460.82039160,7.26379000,311464.98932260,19.78709000,
42860.00000000,42873.01000000,0,42860.00000000,42873.01000000,1707058919999,350,1707058860000,279347.67782790,0.70589000,30262.43221230,6.51646000,
42864.00000000,42864.00000000,0,42855.96000000,42860.00000000,1707058979999,530,1707058920000,585625.85573150,11.37925000,487701.81914670,13.66399000,
42864.94000000,42864.94000000,0,42863.99000000,42863.99000000,1707059039999,424,1707058980000,201951.06771180,3.84784000,164934.67180370,4.71141000,
42855.96000000,42864.94000000,0,42855.96000000,42864.93000000,1707059099999,378,1707059040000,433747.21955140,0.78393000,33597.76022400,10.12000000,
42861.07000000,42861.08000000,0,42850.00000000,42855.96000000,1707059159999,620,1707059100000,1292280.38054280,21.51648000,922047.47346430,30.15581000,
42903.35000000,42903.36000000,0,42857.29000000,42861.07000000,1707059219999,819,1707059160000,1124371.49630570,19.86065000,851467.87226020,26.22671000,
42904.55000000,42906.48000000,0,42903.35000000,42903.36000000,1707059279999,372,1707059220000,459345.03800120,6.55949000,281439.18676250,10.70588000,
42898.98000000,42904.56000000,0,42894.94000000,42904.55000000,1707059339999,758,1707059280000,399142.49065310,3.38190000,145081.32725850,9.30393000,
42906.50000000,42906.51000000,0,42898.98000000,42898.99000000,1707059399999,400,1707059340000,265625.28157440,5.45857000,234185.51914200,6.19139000,
42932.01000000,42943.56000000,0,42906.50000000,42906.51000000,1707059459999,776,1707059400000,1000853.78950290,15.18070000,651661.67222290,23.31296000,
42927.01000000,42932.01000000,0,42917.00000000,42932.00000000,1707059519999,548,1707059460000,1048710.10862400,15.76392000,676589.05400540,24.43287000,
42922.01000000,42927.01000000,0,42922.01000000,42927.01000000,1707059579999,312,1707059520000,296678.51530690,1.12423000,48257.64788030,6.91147000,
42922.02000000,42922.02000000,0,42922.01000000,42922.01000000,1707059639999,186,1707059580000,65474.52996580,0.82515000,35417.10480300,1.52543000,
42922.02000000,42922.02000000,0,42922.01000000,42922.01000000,1707059699999,241,1707059640000,86965.15003740,0.71362000,30630.01191240,2.02612000,
42939.18000000,42939.18000000,0,42922.01000000,42922.01000000,1707059759999,517,1707059700000,442241.40092570,9.12125000,391572.46743070,10.30162000,
42937.44000000,42939.18000000,0,42937.43000000,42939.18000000,1707059819999,287,1707059760000,234738.32805180,0.85521000,36721.27022460,5.46686000,
42925.17000000,42937.44000000,0,42925.01000000,42937.44000000,1707059879999,384,1707059820000,577666.88490770,7.84301000,336664.14295940,13.45662000,
42923.28000000,42925.18000000,0,42923.27000000,42925.18000000,1707059939999,226,1707059880000,145526.71142830,0.52500000,22535.64509600,3.39025000,
42911.52000000,42923.28000000,0,42911.52000000,42923.27000000,1707059999999,384,1707059940000,295504.10163410,0.76526000,32840.55988330,6.88533000,
42880.20000000,42911.53000000,0,42880.19000000,42911.53000000,1707060059999,529,1707060000000,399555.02535900,1.02170000,43822.14274030,9.31368000,
42862.38000000,42880.20000000,0,42862.37000000,42880.20000000,1707060119999,396,1707060060000,289181.33251760,4.24346000,181895.38971840,6.74600000,
42856.83000000,42862.38000000,0,42856.83000000,42862.37000000,1707060179999,335,1707060120000,282001.74163650,2.62128000,112354.14754470,6.57928000,
42853.23000000,42856.84000000,0,42845.51000000,42856.84000000,1707060239999,736,1707060180000,662608.96283870,8.19934000,351325.63372660,15.46370000,
42864.06000000,42866.95000000,0,42853.22000000,42853.23000000,1707060299999,516,1707060240000,418646.35591580,8.31317000,356290.14454820,9.76807000,
42868.32000000,42868.33000000,0,42864.06000000,42864.06000000,1707060359999,389,1707060300000,381208.98382110,7.00431000,300249.43940020,8.89291000,
42891.10000000,42891.10000000,0,42868.32000000,42868.32000000,1707060419999,450,1707060360000,312739.86799710,6.30012000,270147.63905550,7.29338000,
42881.38000000,42891.10000000,0,42881.38000000,42891.09000000,1707060479999,351,1707060420000,467467.40952150,0.42186000,18090.08688280,10.90016000,
42881.39000000,42881.39000000,0,42881.38000000,42881.38000000,1707060539999,260,1707060480000,81399.58634480,0.67598000,28986.96201220,1.89825000,
42881.39000000,42881.39000000,0,42881.38000000,42881.39000000,1707060599999,306,1707060540000,139545.46170780,1.72842000,74117.05210380,3.25422000,
42881.34000000,42890.00000000,0,42881.34000000,42881.38000000,1707060659999,683,1707060600000,722463.49781160,5.94056000,254762.35655080,16.84582000,
42881.34000000,42881.35000000,0,42881.33000000,42881.34000000,1707060719999,378,1707060660000,309312.10481900,1.22183000,52393.71468180,7.21321000,
42915.03000000,42915.04000000,0,42881.33000000,42881.34000000,1707060779999,742,1707060720000,932932.31988070,17.24356000,739680.33882130,21.74734000,
42903.51000000,42915.04000000,0,42903.51000000,42915.03000000,1707060839999,438,1707060780000,568235.19286430,3.90035000,167361.96964700,13.24233000,
42921.40000000,42921.41000000,0,42903.51000000,42903.51000000,1707060899999,439,1707060840000,478586.41732050,9.60883000,412350.27855650,11.15209000,
42933.37000000,42933.55000000,0,42921.40000000,42921.41000000,1707060959999,428,1707060900000,325900.06139440,6.98888000,300003.88093880,7.59211000,
42921.36000000,42933.38000000,0,42921.36000000,42933.37000000,1707061019999,947,1707060960000,581397.75933440,3.74117000,160594.96746460,13.54360000,
42924.12000000,42929.06000000,0,42921.36000000,42921.36000000,1707061079999,1040,1707061020000,512017.28054650,8.83445000,379209.62048920,11.92823000,
42916.12000000,42924.13000000,0,42916.06000000,42924.13000000,1707061139999,455,1707061080000,397267.13230480,4.18474000,179592.99053250,9.25644000,
42921.45000000,42921.45000000,0,42916.11000000,42916.12000000,1707061199999,362,1707061140000,312511.81689090,6.38600000,274081.74936140,7.28139000,
42921.44000000,42921.45000000,0,42921.44000000,42921.45000000,1707061259999,261,1707061200000,200857.78437740,3.84670000,165105.94171500,4.67966000,
42921.45000000,42921.45000000,0,42921.44000000,42921.45000000,1707061319999,289,1707061260000,207505.01409340,2.47702000,106317.29007900,4.83453000,
42921.44000000,42921.45000000,0,42921.44000000,42921.44000000,1707061379999,288,1707061320000,220524.37566900,2.59506000,111383.73803700,5.13786000,
42921.44000000,42921.45000000,0,42921.44000000,42921.44000000,1707061439999,217,1707061380000,77089.91672180,0.59810000,25671.31924500,1.79607000,
42919.23000000,42921.45000000,0,42919.22000000,42921.45000000,1707061499999,292,1707061440000,156242.55228110,0.75658000,32472.91150740,3.64024000,
42901.10000000,42919.23000000,0,42901.10000000,42919.22000000,1707061559999,563,1707061500000,443494.02905470,0.32354000,13884.59785700,10.33465000,
42897.49000000,42901.11000000,0,42897.49000000,42901.10000000,1707061619999,358,1707061560000,369398.07741940,3.53026000,151439.44003440,8.61111000,
42914.62000000,42914.63000000,0,42897.49000000,42897.49000000,1707061679999,484,1707061620000,584341.63201420,13.00865000,558107.15340880,13.62012000,
42906.93000000,42915.35000000,0,42906.93000000,42914.63000000,1707061739999,434,1707061680000,368161.98234580,2.28837000,98202.31032810,8.57911000,
42906.89000000,42906.94000000,0,42906.89000000,42906.94000000,1707061799999,233,1707061740000,112357.75146370,0.56857000,24395.57756020,2.61864000,
42910.37000000,42910.37000000,0,42906.89000000,42906.89000000,1707061859999,334,1707061800000,210801.69697420,3.39209000,145545.74852460,4.91296000,
42928.00000000,42928.00000000,0,42910.36000000,42910.37000000,1707061919999,462,1707061860000,775096.97483670,17.15614000,736304.45236420,18.06002000,
42935.00000000,42935.00000000,0,42927.99000000,42928.00000000,1707061979999,335,1707061920000,283833.25759680,6.15379000,264191.95528570,6.61128000,
42936.23000000,42936.23000000,0,42928.00000000,42934.99000000,1707062039999,496,1707061980000,421399.06749310,6.65228000,285596.05994230,9.81531000,
42949.28000000,42949.28000000,0,42936.22000000,42936.23000000,1707062099999,457,1707062040000,453992.46088470,9.61207000,412784.98025770,10.57156000,
42954.58000000,42954.59000000,0,42949.27000000,42949.28000000,1707062159999,404,1707062100000,347015.46865570,5.54488000,238155.81404000,8.07924000,
42949.28000000,42954.59000000,0,42949.28000000,42954.58000000,1707062219999,330,1707062160000,234078.35906560,0.24129000,10363.35363900,5.44969000,
42949.28000000,42949.29000000,0,42949.28000000,42949.28000000,1707062279999,238,1707062220000,140983.60348830,1.49315000,64129.73236350,3.28256000,
42943.21000000,42949.29000000,0,42943.20000000,42949.29000000,1707062339999,475,1707062280000,283225.23129160,0.62211000,26718.06655980,6.59457000,
42943.21000000,42943.21000000,0,42943.20000000,42943.21000000,1707062399999,235,1707062340000,101610.06391730,1.12373000,48256.57337330,2.36615000,
42943.20000000,42943.21000000,0,42943.20000000,42943.20000000,1707062459999,299,1707062400000,86174.12178600,0.23460000,10074.47706600,2.00670000,
42931.43000000,42943.21000000,0,42931.43000000,42943.20000000,1707062519999,821,1707062460000,421333.60915700,0.33325000,14308.83603870,9.81224000,
42931.43000000,42931.44000000,0,42931.43000000,42931.43000000,1707062579999,188,1707062520000,31945.27923170,0.21687000,9310.54139280,0.74410000,
42922.00000000,42931.44000000,0,42922.00000000,42931.44000000,1707062639999,365,1707062580000,207550.79273570,0.86710000,37217.97890900,4.83520000,
42922.01000000,42922.01000000,0,42922.00000000,42922.01000000,1707062699999,210,1707062640000,107811.91119610,0.23761000,10198.69879610,2.51181000,
42922.01000000,42922.01000000,0,42922.00000000,42922.00000000,1707062759999,280,1707062700000,134150.57260040,0.77004000,33051.66458040,3.12545000,
42934.19000000,42934.20000000,0,42922.00000000,42922.01000000,1707062819999,512,1707062760000,677780.16971700,12.95347000,556026.86637570,15.78936000,
42921.56000000,42936.00000000,0,42921.55000000,42934.20000000,1707062879999,705,1707062820000,1079267.36715290,7.50379000,322159.57167000,25.13869000,
42915.20000000,42921.56000000,0,42915.19000000,42921.55000000,1707062939999,332,1707062880000,213561.00306700,1.61672000,69391.72804740,4.97572000,
42913.28000000,42915.20000000,0,42913.28000000,42915.19000000,1707062999999,375,1707062940000,74994.39073260,0.66483000,28530.48985330,1.74756000,
42906.09000000,42913.29000000,0,42906.09000000,42913.29000000,1707063059999,464,1707063000000,164099.20817230,0.84891000,36426.03196950,3.82430000,
42904.13000000,42906.10000000,0,42904.12000000,42906.09000000,1707063119999,635,1707063060000,121587.23184330,0.78770000,33796.08958940,2.83387000,
42898.08000000,42904.13000000,0,42896.11000000,42904.13000000,1707063179999,537,1707063120000,597950.38907620,7.86445000,337355.56943040,13.93891000,
42898.08000000,42898.08000000,0,42898.07000000,42898.07000000,1707063239999,291,1707063180000,154041.85146750,2.98659000,128118.97674720,3.59088000,
42904.13000000,42904.13000000,0,42898.07000000,42898.08000000,1707063299999,389,1707063240000,440901.09750690,7.82699000,335771.70999990,10.27740000,
42904.99000000,42905.00000000,0,42904.12000000,42904.12000000,1707063359999,326,1707063300000,180178.98285710,2.83916000,121811.95759200,4.19956000,
42902.63000000,42905.00000000,0,42902.63000000,42905.00000000,1707063419999,319,1707063360000,232890.69638900,1.18464000,50824.83853840,5.42820000,
42902.63000000,42902.64000000,0,42902.63000000,42902.63000000,1707063479999,276,1707063420000,187998.92027000,2.46363000,105696.23098320,4.38199000,
42883.56000000,42902.64000000,0,42883.55000000,42902.63000000,1707063539999,454,1707063480000,415535.48215270,1.56157000,66973.59857500,9.68782000,
42887.98000000,42887.98000000,0,42881.14000000,42883.56000000,1707063599999,442,1707063540000,316886.17626090,4.91631000,210830.24063560,7.38951000,
42892.54000000,42892.54000000,0,42887.97000000,42887.98000000,1707063659999,384,1707063600000,240196.31456080,4.54432000,194905.34690350,5.60025000,
42883.17000000,42892.54000000,0,42883.16000000,42892.54000000,1707063719999,435,1707063660000,304531.62790190,0.47545000,20391.70354280,7.10029000,
42881.53000000,42883.17000000,0,42881.52000000,42883.17000000,1707063779999,257,1707063720000,115580.42187550,0.67322000,28869.43234880,2.69527000,
42884.72000000,42884.73000000,0,42881.52000000,42881.53000000,1707063839999,353,1707063780000,529735.47336620,10.75514000,461204.32904060,12.35327000,
42891.71000000,42891.73000000,0,42884.72000000,42884.73000000,1707063899999,342,1707063840000,348104.24828110,7.14690000,306508.64063050,8.11680000,
42894.92000000,42894.92000000,0,42891.71000000,42891.72000000,1707063959999,330,1707063900000,283143.70213680,6.17154000,264716.01959570,6.60115000,
42898.81000000,42898.81000000,0,42885.86000000,42894.91000000,1707064019999,666,1707063960000,565767.47115130,6.62870000,284324.56136370,13.19022000,
42904.93000000,42904.96000000,0,42898.80000000,42898.80000000,1707064079999,348,1707064020000,224182.00048170,2.49505000,107039.70430200,5.22533000,
42894.94000000,42904.93000000,0,42894.93000000,42904.93000000,1707064139999,353,1707064080000,215608.59684880,0.80448000,34510.47572370,5.02579000,
42894.93000000,42894.94000000,0,42894.93000000,42894.93000000,1707064199999,196,1707064140000,54970.71664660,0.59530000,25535.35778200,1.28152000,
42894.94000000,42894.94000000,0,42894.93000000,42894.94000000,1707064259999,184,1707064200000,39634.92084570,0.55257000,23702.45699580,0.92400000,
42902.41000000,42902.41000000,0,42894.93000000,42894.93000000,1707064319999,459,1707064260000,399283.68635000,8.77244000,376323.30825750,9.30762000,
42914.65000000,42922.67000000,0,42902.40000000,42902.40000000,1707064379999,780,1707064320000,859068.44533460,13.53123000,580622.76461290,20.01868000,
42911.77000000,42914.66000000,0,42911.76000000,42914.66000000,1707064439999,264,1707064380000,178546.70114750,0.59372000,25478.12428850,4.16065000,
42911.77000000,42911.77000000,0,42911.76000000,42911.77000000,1707064499999,224,1707064440000,89065.08331190,0.89615000,38455.38268550,2.07554000,
42919.19000000,42919.20000000,0,42911.76000000,42911.76000000,1707064559999,487,1707064500000,418769.76066840,8.36655000,359049.43965030,9.75820000,
42926.13000000,42926.13000000,0,42917.99000000,42919.19000000,1707064619999,441,1707064560000,605490.22438140,8.49354000,364544.74530380,14.10748000,
42917.99000000,42927.84000000,0,42917.99000000,42926.13000000,1707064679999,590,1707064620000,849327.06396750,3.21155000,137859.87183240,19.78587000,
42925.20000000,42925.21000000,0,42917.99000000,42918.00000000,1707064739999,391,1707064680000,255653.71672240,4.98726000,214059.75217730,5.95626000,
42918.17000000,42925.21000000,0,42918.16000000,42925.20000000,1707064799999,402,1707064740000,383712.55050960,0.43852000,18820.72104120,8.93992000,
42918.01000000,42918.17000000,0,42918.00000000,42918.16000000,1707064859999,351,1707064800000,224968.59847690,2.56627000,110139.21080590,5.24182000,
42918.01000000,42918.01000000,0,42918.00000000,42918.01000000,1707064919999,281,1707064860000,180522.13112910,1.03491000,44416.27772910,4.20621000,
42898.78000000,42918.01000000,0,42898.78000000,42918.00000000,1707064979999,867,1707064920000,771327.98849080,2.06706000,88684.62331080,17.97523000,
42892.48000000,42898.79000000,0,42892.47000000,42898.79000000,1707065039999,386,1707064980000,149807.82512110,0.26438000,11340.70763040,3.49230000,
42899.01000000,42899.01000000,0,42892.47000000,42892.48000000,1707065099999,411,1707065040000,204163.05490230,3.90359000,167442.46337140,4.75957000,
42899.01000000,42899.01000000,0,42899.00000000,42899.00000000,1707065159999,278,1707065100000,174963.15525000,1.27400000,54653.33874000,4.07849000,
42889.18000000,42899.01000000,0,42889.18000000,42899.00000000,1707065219999,413,1707065160000,277786.29499250,0.31987000,13721.40665370,6.47583000,
42887.27000000,42889.19000000,0,42887.26000000,42889.19000000,1707065279999,299,1707065220000,162242.43620480,0.38508000,16515.56367560,3.78285000,
42887.23000000,42887.27000000,0,42887.22000000,42887.27000000,1707065339999,241,1707065280000,147184.27709710,0.75709000,32469.49779910,3.43189000,
42890.24000000,42890.24000000,0,42887.22000000,42887.22000000,1707065399999,457,1707065340000,476527.83615860,9.75250000,418266.73231980,11.11088000,
42899.04000000,42899.04000000,0,42890.23000000,42890.24000000,1707065459999,516,1707065400000,351198.85608010,6.20673000,266239.05989160,8.18740000,
42902.37000000,42902.39000000,0,42899.03000000,42899.04000000,1707065519999,397,1707065460000,167102.56416900,3.31324000,142140.09062290,3.89511000,
42902.01000000,42902.38000000,0,42902.00000000,42902.38000000,1707065579999,316,1707065520000,201555.43361700,0.64206000,27545.83912140,4.69801000,
42901.92000000,42902.01000000,0,42901.91000000,42902.01000000,1707065639999,239,1707065580000,110779.74782900,0.55532000,23824.31504940,2.58216000,
42911.09000000,42911.10000000,0,42901.91000000,42901.91000000,1707065699999,473,1707065640000,243543.63569880,4.90871000,210605.27030530,5.67631000,
42913.21000000,42914.16000000,0,42911.09000000,42911.10000000,1707065759999,354,1707065700000,319689.96245300,4.58543000,196772.57862560,7.44973000,
42913.17000000,42913.21000000,0,42913.16000000,42913.20000000,1707065819999,299,1707065760000,176432.88028340,2.17399000,93292.86084950,4.11139000,
42913.16000000,42913.17000000,0,42913.16000000,42913.16000000,1707065879999,245,1707065820000,78595.03153880,0.81304000,34890.12373680,1.83149000,
42913.16000000,42913.17000000,0,42913.16000000,42913.16000000,1707065939999,245,1707065880000,101637.26112880,1.64584000,70628.21171280,2.36844000,
42913.16000000,42913.17000000,0,42913.16000000,42913.16000000,1707065999999,243,1707065940000,87960.82491610,0.43377000,18614.44575090,2.04974000,
42925.86000000,42930.00000000,0,42913.16000000,42913.16000000,1707066059999,848,1707066000000,1008012.55651380,14.13704000,606781.03179460,23.48340000,
42915.82000000,42926.29000000,0,42914.00000000,42925.86000000,1707066119999,525,1707066060000,442589.18825800,4.43532000,190377.57613730,10.31135000,
42906.50000000,42915.82000000,0,42906.50000000,42915.82000000,1707066179999,468,1707066120000,282222.16517210,0.94110000,40381.42690980,6.57682000,
42911.09000000,42912.15000000,0,42900.24000000,42906.50000000,1707066239999,670,1707066180000,825325.31270410,12.80048000,549216.76777000,19.23557000,
42906.41000000,42911.10000000,0,42903.10000000,42911.10000000,1707066299999,454,1707066240000,507178.98889440,5.74851000,246636.50820260,11.82063000,
42915.82000000,42915.82000000,0,42906.41000000,42906.42000000,1707066359999,388,1707066300000,353853.10657450,7.15088000,306851.01738940,8.24621000,
42943.67000000,42943.67000000,0,42915.81000000,42915.81000000,1707066419999,808,1707066360000,704478.28011920,13.07563000,561312.20246080,16.40993000,
42943.69000000,42943.70000000,0,42943.66000000,42943.66000000,1707066479999,273,1707066420000,120747.74033000,2.19813000,94395.79085250,2.81177000,
42969.78000000,42969.79000000,0,42943.69000000,42943.70000000,1707066539999,700,1707066480000,404655.14321910,8.49913000,365080.34794870,9.42025000,
42955.45000000,42969.79000000,0,42953.51000000,42969.79000000,1707066599999,641,1707066540000,769127.41019040,4.26591000,183250.10863410,17.90218000,
42964.99000000,42965.00000000,0,42955.45000000,42955.45000000,1707066659999,412,1707066600000,391860.65818160,8.41313000,361418.22146000,9.12179000,
42954.94000000,42965.00000000,0,42954.94000000,42965.00000000,1707066719999,439,1707066660000,421323.55112090,3.23313000,138883.92072330,9.80754000,
42954.94000000,42954.95000000,0,42954.94000000,42954.95000000,1707066779999,202,1707066720000,42910.26967610,0.28137000,12086.23428150,0.99896000,
42954.95000000,42954.95000000,0,42954.94000000,42954.94000000,1707066839999,239,1707066780000,93238.43135870,0.90453000,38854.04092350,2.17061000,
42951.93000000,42954.95000000,0,42951.93000000,42954.94000000,1707066899999,405,1707066840000,349275.13397510,0.63025000,27071.23604260,8.13132000,
42951.93000000,42951.94000000,0,42951.93000000,42951.93000000,1707066959999,207,1707066900000,76909.30085460,0.45159000,19396.66658460,1.79059000,
42951.94000000,42951.94000000,0,42951.93000000,42951.94000000,1707067019999,217,1707066960000,39672.98300430,0.33405000,14348.09555700,0.92366000,
42935.40000000,42951.94000000,0,42935.39000000,42951.94000000,1707067079999,708,1707067020000,518281.54643870,0.75413000,32388.05839750,12.06774000,
42903.11000000,42935.40000000,0,42903.10000000,42935.40000000,1707067139999,679,1707067080000,346344.57059380,0.77633000,33314.61010990,8.07041000,
42873.51000000,42903.11000000,0,42873.50000000,42903.11000000,1707067199999,911,1707067140000,961228.74799110,5.39542000,231417.47625600,22.41152000,
42861.56000000,42875.97000000,0,42861.55000000,42873.51000000,1707067259999,727,1707067200000,877343.05310890,7.20216000,308775.62060040,20.46408000,
42853.52000000,42871.88000000,0,42852.54000000,42861.55000000,1707067319999,865,1707067260000,987078.14816460,10.98166000,470711.85219080,23.02834000,
42849.99000000,42856.37000000,0,42841.10000000,42853.52000000,1707067379999,987,1707067320000,1189245.62543670,11.87343000,508747.60388760,27.75410000,
42861.64000000,42864.04000000,0,42849.98000000,42849.99000000,1707067439999,681,1707067380000,577259.99337250,11.13518000,477182.84189520,13.47005000,
42865.98000000,42865.99000000,0,42861.63000000,42861.63000000,1707067499999,479,1707067440000,321775.70031950,5.03278000,215715.12598080,7.50725000,
42879.59000000,42879.59000000,0,42865.98000000,42865.98000000,1707067559999,591,1707067500000,511082.60412450,7.36288000,315654.03680070,11.92140000,
42884.41000000,42896.17000000,0,42879.58000000,42879.58000000,1707067619999,685,1707067560000,479559.63235090,4.37018000,187431.40295320,11.18099000,
42877.93000000,42884.41000000,0,42877.93000000,42884.41000000,1707067679999,452,1707067620000,323947.79885100,0.59571000,25544.39329780,7.55435000,
42879.34000000,42879.35000000,0,42877.93000000,42877.93000000,1707067739999,263,1707067680000,184901.07987660,3.21838000,137997.99550350,4.31224000,
42866.97000000,42879.35000000,0,42866.97000000,42879.34000000,1707067799999,546,1707067740000,316749.03422820,0.70220000,30104.80998600,7.38773000,
42884.43000000,42884.44000000,0,42866.97000000,42866.98000000,1707067859999,647,1707067800000,713269.70540750,15.84112000,679181.39825230,16.63620000,
42883.19000000,42886.67000000,0,42881.12000000,42884.43000000,1707067919999,477,1707067860000,330835.42804690,3.53664000,151661.73160390,7.71464000,
42896.37000000,42896.37000000,0,42883.19000000,42883.19000000,1707067979999,629,1707067920000,274274.30355250,4.63482000,198778.54181520,6.39512000,
42886.94000000,42896.37000000,0,42886.93000000,42896.37000000,1707068039999,440,1707067980000,263773.36699410,0.44379000,19035.62601420,6.14946000,
42895.99000000,42896.00000000,0,42886.93000000,42886.94000000,1707068099999,386,1707068040000,410357.38651200,8.00855000,343498.31373300,9.56720000,
42900.00000000,42900.00000000,0,42886.93000000,42895.98000000,1707068159999,634,1707068100000,757969.37343290,11.46812000,491876.97237760,17.67174000,
42896.39000000,42900.00000000,0,42896.38000000,42899.99000000,1707068219999,351,1707068160000,216472.70889560,1.21011000,51909.45161900,5.04624000,
42918.38000000,42920.00000000,0,42896.38000000,42896.38000000,1707068279999,695,1707068220000,1034668.45473030,21.05729000,903414.13530230,24.11563000,
42921.36000000,42921.36000000,0,42918.38000000,42918.38000000,1707068339999,308,1707068280000,303977.90853230,4.39703000,188719.03837180,7.08242000,
42914.56000000,42921.36000000,0,42911.36000000,42921.35000000,1707068399999,419,1707068340000,588119.28863480,3.71099000,159272.17756640,13.70318000,
42914.56000000,42914.56000000,0,42914.55000000,42914.55000000,1707068459999,224,1707068400000,60577.75409400,0.44595000,19137.74803200,1.41159000,
42926.54000000,42926.55000000,0,42914.55000000,42914.56000000,1707068519999,554,1707068460000,622804.83588930,11.08333000,475682.90762820,14.51146000,
42930.39000000,42930.39000000,0,42926.54000000,42926.55000000,1707068579999,345,1707068520000,274322.81804600,3.87011000,166131.02146010,6.39050000,
42936.18000000,42936.19000000,0,42930.38000000,42930.38000000,1707068639999,356,1707068580000,180172.46361510,3.08532000,132461.22976230,4.19655000,
42939.99000000,42940.00000000,0,42936.18000000,42936.19000000,1707068699999,371,1707068640000,274892.75391380,2.89117000,124138.20658610,6.40210000,
42936.95000000,42940.00000000,0,42936.94000000,42939.99000000,1707068759999,355,1707068700000,181693.61015850,0.37843000,16249.50494200,4.23142000,
42930.63000000,42936.95000000,0,42918.51000000,42936.94000000,1707068819999,874,1707068760000,844098.57154580,9.20271000,395041.62364950,19.66273000,
42930.65000000,42930.65000000,0,42930.63000000,42930.63000000,1707068879999,262,1707068820000,245607.91625530,4.10751000,176338.04713740,5.72104000,
42933.63000000,42933.63000000,0,42925.06000000,42930.64000000,1707068939999,615,1707068880000,837328.85365250,12.14974000,521547.14945430,19.50582000,
42934.40000000,42950.00000000,0,42933.62000000,42933.62000000,1707068999999,1370,1707068940000,2191663.39132270,37.92970000,1628638.25493810,51.03913000,
42922.41000000,42934.40000000,0,42922.40000000,42934.40000000,1707069059999,1344,1707069000000,455604.17466640,4.16161000,178630.77778200,10.61367000,
42918.31000000,42924.16000000,0,42918.30000000,42922.40000000,1707069119999,510,1707069060000,448394.71802860,6.12696000,262984.40423870,10.44665000,
42903.35000000,42918.31000000,0,42900.35000000,42918.31000000,1707069179999,640,1707069120000,406948.96594950,5.13581000,220346.08442860,9.48454000,
42904.78000000,42904.78000000,0,42903.34000000,42903.35000000,1707069239999,381,1707069180000,358326.31300490,5.89265000,252814.94924830,8.35189000,
42900.55000000,42904.78000000,0,42900.54000000,42904.77000000,1707069299999,1494,1707069240000,349866.30659660,3.51364000,150741.85921430,8.15481000,
42908.01000000,42913.20000000,0,42900.54000000,42900.54000000,1707069359999,1314,1707069300000,499474.95651320,6.55935000,281415.91686960,11.64114000,
42905.03000000,42908.01000000,0,42904.12000000,42908.01000000,1707069419999,421,1707069360000,259131.33433070,4.62764000,198545.66163540,6.03968000,
42895.97000000,42905.03000000,0,42895.97000000,42905.02000000,1707069479999,743,1707069420000,699374.86328260,4.05329000,173900.65125610,16.30171000,
42891.00000000,42895.98000000,0,42890.99000000,42895.98000000,1707069539999,384,1707069480000,329091.76066810,3.93978000,168981.23297110,7.67273000,
42899.45000000,42899.75000000,0,42890.99000000,42890.99000000,1707069599999,394,1707069540000,299689.17500790,6.24626000,267932.24291770,6.98654000,
42899.44000000,42899.45000000,0,42899.44000000,42899.44000000,1707069659999,329,1707069600000,86677.47166840,1.11372000,47777.97545400,2.02048000,
42899.45000000,42899.45000000,0,42899.44000000,42899.44000000,1707069719999,310,1707069660000,144102.22878240,0.68616000,29435.88661200,3.35907000,
